Feodor;Andreu;1
Benoite;Labat;4
Kirstyn;Downie;1
Randa;Conws;4
Ivor;Ruoss;4
Jdavie;Zuanazzi;2
Candi;Bunn;2
Gar;Halm;4
Desi;Dewbury;1
Coraline;Ricker;0
Myca;Andrysek;1
Zaccaria;Wimlet;1
Bruis;Sidon;4
Aurelie;Lukianov;0
Troy;Barnewell;2
Vittoria;Canter;4
Rosamund;Palluschek;2
Codee;Lathey;2
Huberto;Trustey;1
Urson;Lyburn;0
Gerianna;Keeting;0
Carry;Elliston;2
Jacquenette;Tomlinson;4
Fancie;Brusle;0
Moore;Eschalette;0
Fernande;Proom;2
Myrta;Drysdale;2
Jessalyn;Dulinty;2
Shirl;Beche;0
Yorker;MacPeice;4
Jan;Benoiton;1
Tulley;Janek;0
Cazzie;Schonfelder;0
Adda;Jayne;1
Dorey;Berends;0
Rheba;Pressdee;0
Baily;Trenouth;1
Irvine;McGahy;2
Benjy;Simakov;0
Dasie;Noble;2
Felicle;Gilhespy;0
Gabriellia;Giacobazzi;1
Samuel;Klimsch;1
Putnam;Coping;0
Phineas;Spindler;0
Coretta;Mauchlen;2
Korella;Martijn;2
Malissa;MacBarron;2
Randell;Lamburn;4
Yanaton;Smillie;4
Flori;Seely;2
Kristo;Castaignet;2
Jard;Prantl;0
Shepperd;Hollows;0
Gizela;Sandiland;0
Terese;Fluck;4
Omar;Aiton;4
Kiel;Buxton;0
Brandise;Holdforth;1
Ilka;Vanin;4
Phillip;Dmitr;1
Jo ann;Rubie;4
Allyn;Edmans;4
Zorine;Galbreath;0
Fernando;Carine;1
Reube;Brando;4
Hurleigh;Giacobillo;2
Chalmers;Beert;2
Inness;Tindley;1
Dorelia;Harriot;2
Carlos;Leber;2
Lemmie;Fakeley;2
Wells;Beamish;1
Lydie;Lucia;1
Bruce;Vatini;1
Merle;O'Farris;4
Berna;Sheldon;2
Jeromy;Ahern;4
Obidiah;Toffel;2
Clive;Gullivent;2
Cassi;Feldhuhn;1
Hurleigh;Georgot;4
Horten;Tenbrug;1
Gonzales;Duchateau;1
Coleen;Avo;1
Larissa;Ephgrave;2
Angelo;Chatwin;1
Russell;Sphinxe;1
Henrieta;Trower;4
Mal;Ranyelld;2
Angie;Cargen;0
Shaine;Tipping;2
Dido;Cozby;0
Byram;Giorgiutti;0
Dionne;Hospital;1
Lance;Strooband;0
Rozamond;Kalvin;4
Stanleigh;O'Doghesty;0
Oren;Basindale;1
Joete;Woolvin;2
Ragnar;Dot;0
Janenna;Kurton;4
Andreas;Rhead;1
Maisie;Gerleit;4
Debbie;Headrick;1
Shina;Forshaw;4
Normie;Rheaume;1
Eddi;Gretham;2
Deane;Jacobson;4
Justine;Habbema;2
Abrahan;Eames;2
Modesty;Wintle;0
Gaspar;Smallacombe;4
Dniren;Carillo;2
Mel;de Clerk;0
Saunder;Heigl;1
Giselle;Rydeard;2
Edee;Coltherd;0
Em;Vizard;0
Nicky;Chamberlen;1
Ronna;Spilsburie;0
Simon;Preston;4
Marve;Groll;0
Flory;Alabone;1
Lemmie;Lambal;4
Duky;Norker;1
Jeri;Goldring;0
Gawain;Vallis;0
Myca;Marusic;0
Analiese;Croyden;0
Micheal;Tendahl;1
Yoshiko;Esland;1
Lillian;Moreing;1
Boycie;Pert;4
Myca;Peotz;4
Carmon;Tosh;1
Milt;Wisdom;4
Gianna;Sephton;4
Mellicent;Blaszczynski;0
Hank;McCoy;2
June;Duberry;2
Tessy;Trobey;2
Carry;Sherwell;1
Dar;Denney;1
Gabriele;Restill;1
Tomasine;MacKimmie;0
Fayre;Christiensen;0
Cam;Chartman;2
Monah;Paunton;1
Katey;Muff;0
Monty;Kurdani;0
Ximenez;Birchwood;4
Iver;Fielding;1
Burch;Leeb;2
Pierrette;Willoughley;0
Lyssa;Ivanchikov;2
Eberto;Skitterel;1
Donnell;Spellworth;1
Zorina;Burkitt;2
Sianna;Denney;4
Melania;Spadollini;2
Vance;Aslin;4
Morrie;Longthorne;4
Ezechiel;Petroff;4
Candy;Cawsy;0
Amata;Yesenin;1
Gerladina;Strangeway;2
Zacharie;Crotty;0
Mignon;Kewley;0
Aldis;Sketchley;4
Floria;Mecco;4
Richard;Wayon;0
Jude;Adess;2
Goldie;Tenwick;4
Jarrett;Ellwell;1
Mile;Greave;1
Foster;Ruckhard;0
Patsy;Hryskiewicz;1
Melina;Losano;1
Curtice;Abthorpe;2
Elysia;Sebring;0
Jelene;Mersh;2
Bonnee;Barrasse;4
Iver;Statersfield;1
Nathanael;Revey;1
Sherilyn;Pawelski;1
Terri;Lisciardelli;4
Ker;Baistow;0
Boyd;Munkley;1
Josephine;Meysham;1
Mirabel;Comolli;2
Rhonda;Oleshunin;0
Udale;Tuxsell;1
Lambert;Parkyns;0
Lou;Dyers;1
Oneida;Crossgrove;4
Karine;Denley;1
Solomon;Aird;1
Sibyl;Gendricke;4
Andie;O'Crigane;0
Kearney;Towne;1
Christoph;Gumm;1
Tedie;Slark;1
Franky;Wanne;1
Selig;Halfacree;0
Filberto;Lillie;4
Benedicto;MacGeffen;0
Kerstin;Huie;0
Kay;Gerretsen;4
Katti;Keelan;0
Clareta;Boards;4
Lowell;Dulen;0
Mureil;Glasson;2
Timmy;Ludovico;2
Isidoro;Kibbee;4
Gavrielle;Youell;0
Josy;Algate;4
Selena;Mish;2
Morton;Zapatero;4
Goldy;Livett;1
Annabell;Lapidus;1
Coletta;Ascough;4
Iolanthe;Timny;1
Sanderson;Esilmon;4
Tammi;Mawby;0
Ferdinanda;Jacke;4
Larina;Southers;0
Brade;Meron;4
Lucie;Darycott;2
Britta;Trundler;1
Jaime;Finden;1
Alberik;Waine;0
Wayland;Nowlan;0
Natasha;Keedy;4
Cleo;Brewis;0
Carley;Stoade;2
Suzi;Cree;0
Celestia;Bremen;1
Kassie;Ilyenko;4
Burt;Capey;0
Flory;Breming;2
Ward;Braine;2
Tabbitha;Brasse;0
Birgit;Peaden;2
Phedra;Birkin;1
Crichton;Bruniges;2
Alex;Hassell;2
Evangelina;Hablet;0
Arlana;Guilloud;4
Abra;Gracey;0
Gratiana;Cavolini;4
Virgie;Greensted;2
Jedd;Jaimez;4
Justino;Fisher;2
Zach;Pantecost;4
Ginger;Reskelly;1
Anita;Cudde;1
Tommie;Metterick;0
Janos;Wolton;0
Elmore;Paulon;0
Jewell;Dumbelton;0
Marcie;Mosedall;4
Roger;Tutt;4
Arabela;MacTrustie;0
Ring;Spellacy;4
Leena;De Brett;4
Rodrique;Brandom;4
Tobye;Beynkn;2
Ulick;Lowther;4
Gordon;Brane;2
Willie;Demangeot;4
Jordan;Yoseloff;2
Marcile;Vickerman;0
Jo;MacIlriach;0
Esme;Fagan;0
Alonzo;Lillgard;1
Oswald;Ivanyutin;1
Ebonee;Kubiczek;4
Dynah;MacClure;4
Ebba;Dossantos;0
Ky;Scase;4
Rourke;Matyugin;0
Edwina;Wallenger;1
Max;Byrd;1
Monica;Escalante;2
Rusty;Strongitharm;4
Rhianna;Blazejewski;4
Munmro;Saltsberg;2
Wilburt;MacNaughton;1
Valma;Lanfare;0
Drud;Salkeld;2
Whitney;O'Kieran;1
Kevin;Sakins;4
Celka;O' Concannon;0
Channa;Troak;4
Siffre;Stow;2
Ermentrude;Pedri;4
Chancey;de Wilde;0
Alister;Jancy;1
Alysa;Morkham;4
Jonah;Trevon;0
Jule;Noteyoung;2
Anallise;Brasted;1
Lyndsay;Mattusevich;4
Teddy;Kneath;0
Carver;St. John;4
Erna;Sutliff;0
Eddie;Aked;0
Jesselyn;Bampforth;4
Rayna;Davion;2
Cynthie;Clapston;4
Huntlee;Bouttell;0
Wylma;Smorthit;2
Jules;Crosier;1
Milissent;Stuer;2
Reinhold;Gawthorpe;4
Nannie;Bruhke;1
Raddy;Bellamy;0
Jeanelle;Leatherborrow;1
Fred;Brettel;2
Niki;Baden;4
Bernie;Albinson;4
Dory;Matyukon;2
Grant;Espinoza;4
Vivyan;Dillaway;0
Tony;Groneway;2
Vikki;Deery;2
Gabie;Heathcote;1
Gifford;Salterne;4
Rutter;Edgeley;2
Starlene;Darbon;1
Justinn;McConigal;2
Kimmy;Poser;0
Nertie;Kemmis;2
Tadio;Locke;1
Ashly;Kitchiner;1
Janos;Cromack;4
Luella;Gilleon;1
Charles;Sommers;2
Farlay;Reckus;4
Ardys;Jarrold;4
Clim;Margram;0
Kile;Maxsted;4
Ravid;Minster;4
Izzy;Shortall;2
Dev;Hawkings;0
Pam;Bragginton;1
Marlane;Brockley;2
Arturo;Kearsley;2
Glynn;Rozzier;0
Gerri;Rustan;4
Ursula;Jaram;0
Curry;Maseres;4
Luciana;Goadby;1
Morton;Giroldi;1
Byron;Hurch;2
Dosi;Rope;2
Rodger;Bottrill;0
Maude;Applewhaite;1
Merv;Lyngsted;2
Danell;Doerling;2
Vanya;Fundell;2
Karly;Cicerone;1
Web;Laker;2
Sileas;Othick;2
Nicolle;Perez;2
Renell;Gowans;4
Brose;Scudder;0
Mirabella;Crossman;2
Karim;Edgerley;1
Nadiya;Capstick;0
Ellie;Blant;4
Rubi;Wattingham;1
Celinda;Steer;2
Reeva;Kidd;4
Anna-maria;Sinyard;4
Bogey;Knapton;4
Catherin;Loadwick;4
Parnell;Briar;1
Conroy;Gregoire;4
Juanita;Safell;2
Arturo;Gatfield;0
Mano;Ollenbuttel;4
Hayward;Braiden;2
Nonnah;Cogdon;4
Dorie;Colleford;1
Emmott;Lagden;1
Merrielle;Scawn;1
Daryl;Sansom;4
Arnoldo;Whodcoat;0
Vivienne;Nuzzetti;2
Carmen;Jeaneau;2
Lorrie;Halfhyde;2
Pete;Kerrey;4
Pierrette;Newick;4
Avril;Buntain;1
Josi;Yakovitch;0
Enrico;Pidon;1
Shane;Wohler;4
Dallas;Yurin;4
Harlene;Aylesbury;4
Monte;Cranch;4
Candide;Frammingham;0
Elysee;Asel;1
Opaline;Saltman;1
Talbert;Brawley;0
Theresa;Fratson;1
Lane;Buggy;1
Veronique;Bullin;1
Kristian;Petrashkov;2
Konstanze;Reijmers;4
Hailee;Rosiello;2
Gunter;Buttel;4
Eachelle;Prescott;2
Cort;Gomar;1
Angil;Kemwal;2
Elaine;Mc Mechan;4
Anthony;Lamacraft;0
Cayla;Mattingley;4
Carmela;Airey;2
Maggie;Keller;1
Jobyna;Mapstone;1
Gunther;Dirkin;4
Jaclyn;Gounard;4
Carie;Josephi;2
Cortney;Judson;2
Arte;Giraths;0
Bud;Mainz;1
Effie;Cunliffe;4
Monroe;Olerenshaw;2
Germayne;Broschek;2
Emmye;Gawn;2
Hyman;Peirce;4
Merrick;Scholes;4
Jecho;Labbett;1
Adelina;Harsnipe;4
Lemmie;Spicer;2
Leon;Polkinhorn;0
Elmer;Haddleton;2
Annetta;Thresh;0
Wolf;Sudddard;0
Janina;Teulier;1
Elset;Milnes;1
Gaven;Brunroth;2
Sandy;Troak;1
Eziechiele;Merrall;0
Leila;Goforth;0
Merlina;Aughtie;1
Ann-marie;Bernardotti;1
Claudine;Fidoe;4
Karon;Leppo;0
Valentijn;Linskey;1
Haslett;Spurritt;2
Georgina;Morot;1
Mort;Painter;0
Fredek;Sutterfield;2
Aurlie;Washbrook;2
Sherry;Stefi;4
Justinn;Biglin;1
Blinny;Lucas;2
Evanne;Mufford;1
Jonathon;Ellum;1
Elisha;Sancias;2
Jarrid;Dmytryk;0
Lurette;Koschek;1
Thor;Cullinan;0
Toddie;Barends;4
Zuzana;Mantram;2
Teriann;Turley;2
Janeta;Flahive;0
Cam;Sansun;4
Taber;Ronchi;4
Paul;Laister;1
Kamilah;Caldron;2
Marsh;Keedwell;2
Jacinta;Slayford;1
Kira;Fierman;0
Gilbert;Rasch;4
Rozalie;Mallock;0
Chariot;Cutts;0
Gussie;Birckmann;2
Fiann;Thewless;0
Guthry;Mattys;2
Shena;Tilzey;0
Corty;Larham;2
Ara;Glasgow;1
Fallon;Pringell;0
Ivory;Nowick;4
Jarrod;Wakeley;4
Kippie;MacMakin;1
Linnea;Kalkofer;1
Joshua;Walicki;4
Sharon;Patridge;1
Shandeigh;Kenrat;2
Grannie;Remmers;1
Brana;Montez;2
Dorelle;Egginton;0
Harmonia;Bernardini;2
Toddie;Whitehurst;1
Gar;Gossage;1
Kele;Patrickson;1
Oliver;Holdren;1
Shelagh;Caplen;0
Fredek;Asplen;0
Jessamine;Clayfield;2
Othilie;Nickoles;1
Sigfrid;Faucett;1
Jessalin;Bockler;0
Leyla;Beddis;1
Lucilia;Klaesson;4
Cornelle;Chesterfield;2
Shandra;Batchelder;1
Hewett;Gozzett;4
Sanders;Fowler;1
Eal;Dabling;4
Mareah;Souch;4
Rosaline;Irwin;0
Kalila;Muscott;0
Allina;Priden;4
Darill;Mewburn;2
Dorene;Rake;4
Katherina;Reicharz;4
Gracia;Fall;0
Alleen;Dingwall;0
Theadora;Doggett;4
Cobb;Parken;0
Patti;Bauldrey;1
Noemi;Deere;2
Gasper;Sommerville;0
Phillie;Dudding;2
Kristos;Winks;4
Barthel;Broderick;1
Allyn;Castan;0
Daisy;Slixby;4
Harrie;Hovie;4
Melesa;Jedrysik;2
Marni;Barthod;0
Meredith;Hembrow;2
Addie;Grodden;0
Horst;Ryburn;0
Estrella;Hebbron;0
Terrell;Ubank;1
Lemuel;Bentham;4
Eddie;Whannel;4
Karee;Dickings;0
Jeth;Fetherston;4
Major;Muglestone;2
Ira;Gorger;4
Gwyneth;Lampe;4
Welby;Stelfax;1
Rhoda;Toolin;2
Timofei;Covely;1
Berna;Sansum;1
Micky;Kos;2
Ambur;Grelak;1
Aindrea;Sherwell;1
Jeni;Lukins;4
Di;Leeuwerink;4
Patsy;Tupie;2
Fidole;Gallen;1
Seth;Gowers;1
Evangelia;Bocock;0
Merci;Ledes;0
Ynez;Lording;1
Margit;Halton;1
Irwinn;Zelake;4
Thorvald;Kernell;0
Lonnard;Pickerin;0
Lynn;Maywood;1
Odelle;Ilymanov;2
Rozele;McSkeagan;0
Meta;Stradling;4
Tori;Critoph;0
Wyndham;Mahody;1
Benjamin;Brittle;2
Casar;Thowless;0
Linette;McGrath;2
Avrit;Hogsden;4
Iona;Diem;1
Hermie;Altoft;0
Carole;Gilbey;0
Timotheus;Guiraud;2
Savina;Tohill;2
Hy;McCudden;2
Berton;Teulier;0
Cassandre;Dorcey;4
Keeley;Kerrey;4
Mitchael;MacGinney;0
Cahra;Romeril;1
Annette;Bogges;2
Kristian;Skalls;1
Ardeen;Jaggers;1
Marguerite;MacLise;0
Collie;Just;4
Annaliese;Dresser;4
Cori;Forst;0
Karolina;Tithacott;0
Thedric;Bradnick;0
Nertie;Greatbach;2
Natty;Metterick;4
Marcos;Mathen;0
Ivor;Giraldo;0
Mina;Vicent;0
Tracee;Cosins;4
Micky;Moneti;2
Lesly;Stife;2
Edlin;Nazareth;4
Germaine;Strachan;2
Dory;Kinlock;0
Rosalinde;Portinari;4
Denice;Zannutti;1
Walden;Parzis;4
Dinah;Reen;1
Dodi;Poinsett;0
Lesly;Cleland;0
Felix;Hawkridge;4
Nesta;Renzini;4
Pauly;Marfield;2
Rickie;McRill;2
Paxon;Eberts;1
Dian;Kift;1
Heath;Hug;2
Arnie;Harwell;1
Niccolo;Clutram;0
Flor;Frye;0
Sarette;Ducket;0
Merola;Hearne;4
Karla;Leadston;0
Trace;McKew;4
Goldi;Weaving;1
Sol;Ciotto;4
Tonnie;Zukerman;2
Becca;Eede;4
Elias;Croker;1
Rosmunda;Gallihaulk;1
Dido;Spore;4
Thia;Najera;0
Deloris;Dundon;1
Jory;Corbyn;2
Bernardo;Statham;0
Huntington;McCurtin;1
Norri;Gillison;4
Zea;Arnopp;4
Bogey;Flanaghan;1
Ashien;Drury;4
Lucila;Grenkov;2
Hope;Sigg;2
Rolando;Sheriff;0
Merrill;Escudier;0
Norry;Basill;0
Luciana;Doughill;4
Fletcher;Boice;0
Odelle;Priddis;0
Mathilda;Osipov;4
Ginger;Jutson;4
Angeline;Stuke;1
Linc;Vosse;2
Darbie;Saunton;4
Rafaellle;Bode;4
Wesley;Cluely;4
Armstrong;Kenninghan;1
Isabeau;McCorrie;0
Olga;Burg;0
Sula;Hewson;2
Pier;Knowlys;2
Euphemia;Macquire;2
Janette;Simmill;1
Ainslee;Winsome;2
Martica;Beaves;4
Alene;Jikovsky;0
Jeanne;Ceschelli;4
Vonnie;Sturror;2
Nellie;Rittelmeyer;0
Magdalena;Barendtsen;0
Jerome;Martinovic;0
Joellyn;Barnett;0
Mersey;Bonny;1
Maye;Bockh;4
Kaitlynn;Trime;4
Merralee;Rosenbush;4
Laure;Peerman;0
Harcourt;Riccioppo;0
Shelby;Zuenelli;4
Nancy;Wohler;0
Gerick;Schroeder;1
Garwood;Dungee;4
Horace;Bennet;2
Cathy;Villalta;4
Bobbi;Quilliam;2
Barclay;Morse;2
Dalenna;Huitt;2
Ruben;Mougenel;4
Catlaina;Mosley;0
Delia;Mellonby;2
Jeddy;Pease;4
Wells;Romanelli;2
Adrian;Newcom;2
Koenraad;Turford;2
Marlyn;Dufour;4
Jocelin;Murthwaite;0
Deane;Kordova;0
Gaultiero;Baddow;1
Fiorenze;Teanby;0
Dion;Epinay;1
Currey;Cliff;2
Mata;Lightfoot;0
Gretna;Copozio;0
Goddart;Goldberg;2
Doe;Lacrouts;1
Keary;Capp;1
Truman;Hylton;1
Samara;Norledge;2
Gerda;Argrave;2
Gorden;Culver;1
Anet;Blaksley;1
Benedetto;Prinne;1
Derick;Morphey;0
Yanaton;Collingwood;0
Smith;Crudgington;1
Haslett;Moreman;4
Bartlett;Clubbe;1
Laurene;Brothwell;2
Shelden;Lackner;4
Odie;Ateridge;0
Ignacius;Martino;4
Brianne;Essex;2
Bernardina;Mulqueeny;0
Fowler;Jorry;0
Haze;Vamplew;4
Kittie;Caston;2
Findley;Pigford;4
Mattie;Ewer;1
Charmain;Di Roberto;2
Amalle;Roy;4
Sigismund;Leeburn;1
Nils;Gunthorpe;1
Beverie;Lambert-Ciorwyn;1
Austina;Speddin;2
Sapphire;Pooly;1
Wiatt;Gravener;2
Niven;O' Flaherty;1
Cristi;Culpen;0
Dahlia;Warbrick;0
Elia;Daelman;1
Elene;Gerrietz;0
Jimmie;Lortz;4
Allys;Piccop;2
Ted;Garlant;1
Ferguson;Murty;4
Benedick;Bazely;4
Melisandra;Johannesson;1
Harlan;Perrelle;2
Marcellina;Beevors;2
Chickie;Clemetts;0
Gottfried;Cammidge;0
Nataniel;Siddeley;1
Rubia;Curgenven;4
Miguel;Glusby;0
Loretta;Janney;4
Rory;Micco;4
Rici;Radley;4
Nerti;Drillingcourt;4
Brittan;Carlet;2
Lorinda;Trathan;0
Jeremie;Orneles;4
Cos;Sybbe;0
Rafaello;Wrangle;2
Moe;Scrafton;1
Suzy;Connor;4
Amberly;Mc Ilory;0
Doroteya;Greetland;2
Paulie;McCarrick;0
Penelopa;Anan;2
Carolynn;Camm;2
Meredith;Lowne;4
Thalia;Stickney;0
Giovanni;Loft;0
Zedekiah;McKyrrelly;4
Jilli;Rohan;2
Agustin;MacKimmie;4
Thorny;Querrard;2
Delmor;Friday;1
Cody;Kaasmann;2
Nikoletta;Carwardine;2
Teador;Smallbone;0
Adda;Rimes;2
Nicolette;Di Batista;2
Marian;Luckie;2
Lisetta;Matchett;0
Sibyl;Andries;2
Willetta;Gowanson;2
Reyna;Mycock;4
Antoni;Bolte;1
Mar;Hause;0
Lanae;Poletto;2
Angelle;Pisco;1
Orelle;Lehmann;2
Mabelle;Van Daalen;1
Lindsey;Pabelik;1
Dido;Punchard;1
Fabien;Peirpoint;4
Cristian;Britch;1
Jacquie;Skinley;0
Olva;Shewry;0
Patrizio;Mancktelow;0
Beitris;Vellden;2
Dareen;Detoc;4
Tommie;Abrahamoff;4
Norry;Wyness;2
Godart;Gifkins;4
Ezmeralda;Boken;2
Electra;Laban;1
Bette-ann;Dryden;2
Demott;Manwell;4
Cody;Kalf;4
Slade;Greg;0
Else;Romney;4
Bambie;Rutley;4
Carey;Fayne;1
Fernanda;Limeburner;0
Fiann;Jamson;0
Zulema;Lomb;0
Lesley;Nevins;1
Jacqui;Comford;0
Tome;Lackie;2
Tymothy;Paulin;1
Max;Richt;0
Felecia;Hinrichs;0
Anne-corinne;McGavigan;2
Karry;Hedylstone;4
Eadmund;Crosseland;1
Hilario;Jobbing;4
Melonie;Donohue;0
Vickie;Norwood;2
Debi;Eicheler;2
Matteo;Drane;2
Modestine;Doogue;4
Barnett;Mitchall;4
Grata;O'Keaveny;0
Faythe;Kiljan;1
Mannie;Ivakhno;4
Jessa;Brignall;2
Rey;Bettinson;4
Kandy;Brislane;0
Bordie;Absolem;2
Robby;Hedaux;4
Nari;Amy;2
Burtie;Langfat;2
Wright;Narey;0
Genny;Calafate;1
Ranique;Fleischer;4
Rowland;Pallatina;1
Cammy;Wisniewski;4
Augusta;Chislett;0
Charyl;Keogh;1
Lesley;Josefsen;1
Dari;Sweetenham;4
Leilah;Redington;2
Cathie;Twiddy;4
Jacques;Guiu;0
Carl;Donaher;4
Marys;Rowlatt;4
Nanine;Lescop;1
Tyson;Ping;2
Evered;Vassie;0
Sydney;McCallion;1
Rhody;Morman;2
Sherwood;Pillans;2
Myrna;Bowart;4
Guglielma;Bartosiak;1
Almire;Bricket;2
Julissa;Dodridge;2
Wendie;Lavigne;4
Ilyssa;Albers;0
Dorian;Tummons;4
Willy;Colthurst;4
Abbot;Etheridge;1
Madonna;Louden;4
Mirella;McGaughay;0
Elly;Emeney;2
Henri;Gilcrist;1
Gertrudis;Caudle;2
Imogen;Ca;2
Helyn;Sellner;4
Gabbie;Baverstock;0
Willabella;Sheraton;4
Gawen;Delhay;1
Evonne;Muccino;2
Davine;Cobbing;0
Ambrosio;Fetherstan;0
Wenona;Nana;1
Derward;Bartoletti;0
Ofelia;Kleinhausen;1
Talyah;Greatorex;1
Lenette;Pelcheur;4
Celina;Farnhill;2
Madelena;Iwaszkiewicz;2
Clywd;Rudman;2
Clywd;Sibyllina;2
Michal;Sutherley;0
Cordula;Fincham;0
Dorette;Ayling;4
Daffi;Troutbeck;1
Amalle;Abden;4
Cordelia;Inchley;2
Martynne;Wardington;0
Dyan;Kermath;1
Imogen;Gagin;2
Karim;Fleeman;1
Gayelord;Flemyng;1
Gloriana;Boulden;2
Sharona;Slowcock;0
Jephthah;Willmetts;1
Carole;Boag;0
Temple;Pacquet;1
Gerianne;Smurfitt;2
Candi;Vize;4
Fae;Pleasance;1
Peg;Duffus;0
Christine;Kewzick;4
Gianina;Earlam;0
Nelly;Lotterington;4
Willamina;Pilmoor;4
Town;Cavan;2
Viviene;Golding;0
Athene;Du Pre;4
Aidan;Ellingsworth;2
Raul;Van Schafflaer;0
Dorthea;Beckensall;2
Garald;Ginni;2
Vaclav;Baish;0
Puff;Pettican;0
Malcolm;Rudolf;1
Wit;Pollastrino;4
Garv;Golton;4
Monah;Bayfield;1
Georges;Eixenberger;2
Almire;O'Shea;2
Hildegarde;Van der Velden;0
Buckie;O'Calleran;4
Avictor;Pozer;1
Ginger;Becarra;4
Raye;Leonardi;4
Idalina;Keech;0
Julie;Aguirre;4
Corliss;McArley;4
Jenilee;Bradnock;4
Alisun;Bater;2
Hendrick;Garstang;4
Tamara;Golton;0
Hastings;Medd;0
Urson;McClymond;2
Iseabal;Blazeby;1
Carin;Riccardelli;1
Glenda;Martinolli;1
Renato;Mellonby;0
Angelique;Tough;0
Annice;Maulden;0
Nealson;Bianco;0
Alonso;Fellon;2
Dore;Willes;1
Arleen;Coulsen;1
Modesta;Jemison;1
Rikki;Nisbith;0
Cloris;Jagielski;4
Joy;Willmer;2
Fiann;Twitty;4
Abagael;Giovannazzi;0
Jodee;Inkles;0
Emlynne;Ludlem;4
Mathian;Start;1
Julita;Durak;1
Tamera;MacKall;1
Leonard;Enston;4
Veda;Lemonnier;0
Vick;Demanche;1
Nan;Evert;0
Blanche;Balk;4
Fara;Wicher;4
Franchot;Badby;4
Mychal;Heggadon;0
Karmen;Hagyard;0
Saidee;Schleswig-Holstein;2
Walden;Clethro;4
Sigismond;Vick;4
Valeria;Axel;4
Park;McCrae;2
Olivette;De'Vere - Hunt;0
Liv;Knapper;2
Jolene;Danhel;2
Zachery;Pecey;0
Chance;Rowbury;4
Norma;Conring;4
Sabra;Messent;2
Othelia;Lumly;1
Karylin;Alexander;0
Albina;Densumbe;2
Angele;Southerell;4
Kenton;Assandri;4
Jayme;Richmond;4